{"coin":0,"life":5,"bgmVolume":0.20733128488063813,"effectVolume":0.27533987164497378,"decreasingCharactorType":false,"unlockExtreme":false}